date,relative_humidity_2m,surface_pressure,wind_speed_120m,temperature_120m
1,2026-10-04,67,1029.40002441406,4.31856489181519,14.3000001907349
2,2026-10-04 01:00:00,66,1029.09997558594,3.90512490272522,14.1000003814697
3,2026-10-04 02:00:00,63,1029.09997558594,4.03608751296997,13.8999996185303
4,2026-10-04 03:00:00,64,1028.90002441406,4.10365676879883,13.3999996185303
5,2026-10-04 04:00:00,72,1028.90002441406,3.44093012809753,13.3000001907349
6,2026-10-04 05:00:00,65,1029.19995117188,2.96984815597534,13.3999996185303
7,2026-10-04 06:00:00,67,1029.09997558594,2.02237486839294,13.5
8,2026-10-04 07:00:00,65,1029.19995117188,2.33452343940735,13.3999996185303
9,2026-10-04 08:00:00,58,1029.80004882812,2.78926515579224,13.6000003814697
10,2026-10-04 09:00:00,57,1030,2.92745637893677,13.8000001907349
11,2026-10-04 10:00:00,64,1029.40002441406,3.22800254821777,13.6000003814697
12,2026-10-04 11:00:00,57,1029.19995117188,2.59615087509155,13.8000001907349
13,2026-10-04 12:00:00,65,1028.90002441406,2.47386336326599,13.8000001907349
14,2026-10-04 13:00:00,68,1028.80004882812,3.10161256790161,13.6999998092651
15,2026-10-04 14:00:00,68,1028.40002441406,3.66742420196533,13.6999998092651
16,2026-10-04 15:00:00,62,1028,3.89999985694885,13.8999996185303
17,2026-10-04 16:00:00,64,1027.40002441406,4.16773319244385,13.8999996185303
18,2026-10-04 17:00:00,67,1027.40002441406,4.56179761886597,13.8999996185303
19,2026-10-04 18:00:00,70,1027.40002441406,4.92442893981934,14
20,2026-10-04 19:00:00,66,1027.19995117188,5.16236400604248,14.1999998092651
21,2026-10-04 20:00:00,70,1026.90002441406,5.64358043670654,14.3000001907349
22,2026-10-04 21:00:00,71,1026.40002441406,6.4637451171875,14.3999996185303
23,2026-10-04 22:00:00,74,1026.09997558594,6.57951354980469,14.1999998092651
24,2026-10-04 23:00:00,73,1025.59997558594,7.35526990890503,14.3000001907349
25,2026-10-05,77,1025.19995117188,8.54283332824707,14.1999998092651
26,2026-10-05 01:00:00,79,1024.69995117188,9.57757759094238,14.1999998092651
27,2026-10-05 02:00:00,82,1024.30004882812,9.84073162078857,14.1999998092651
28,2026-10-05 03:00:00,84,1024.09997558594,9.96243000030518,14.3000001907349
29,2026-10-05 04:00:00,85,1023.70001220703,10.1607084274292,14.3999996185303
30,2026-10-05 05:00:00,85,1023.40002441406,10.3600196838379,14.3999996185303
31,2026-10-05 06:00:00,87,1023.20001220703,10.0424098968506,14.1999998092651
32,2026-10-05 07:00:00,89,1023.20001220703,10.0895986557007,14.1000003814697
33,2026-10-05 08:00:00,90,1023.20001220703,10.4019231796265,14.3000001907349
34,2026-10-05 09:00:00,89,1023.09997558594,10.1044549942017,14.5
35,2026-10-05 10:00:00,88,1023,10.1212644577026,14.8000001907349
36,2026-10-05 11:00:00,86,1022.5,10.6018867492676,15.3000001907349
37,2026-10-05 12:00:00,83,1022.09997558594,10.8756608963013,16
38,2026-10-05 13:00:00,82,1021.70001220703,11.3648586273193,16.3999996185303
39,2026-10-05 14:00:00,83,1021.29998779297,11.2160596847534,16.3999996185303
40,2026-10-05 15:00:00,81,1021,11.9402685165405,16.6000003814697
41,2026-10-05 16:00:00,85,1020.70001220703,11.5169448852539,16.3999996185303
42,2026-10-05 17:00:00,86,1020.70001220703,11.5801553726196,16.3999996185303
43,2026-10-05 18:00:00,86,1020.79998779297,11.33225440979,16.2000007629395
44,2026-10-05 19:00:00,86,1020.70001220703,11.1825761795044,16.2000007629395
45,2026-10-05 20:00:00,87,1020.5,10.6480045318604,16.3999996185303
46,2026-10-05 21:00:00,87,1020.20001220703,10.3077640533447,16.2999992370605
47,2026-10-05 22:00:00,89,1019.90002441406,9.17060565948486,16.2000007629395
48,2026-10-05 23:00:00,92,1019.70001220703,8.83232688903809,15.6000003814697
49,2026-10-06,92,1019.29998779297,9.26606750488281,15.5
50,2026-10-06 01:00:00,90,1019.20001220703,8.95544528961182,15.6999998092651
51,2026-10-06 02:00:00,91,1019,9.52942752838135,15.6999998092651
52,2026-10-06 03:00:00,91,1018.79998779297,9.40212726593018,15.6999998092651
53,2026-10-06 04:00:00,92,1018.54992675781,8.7185173034668,15.7999992370605
54,2026-10-06 05:00:00,93,1018.34997558594,8.68817329406738,15.75
55,2026-10-06 06:00:00,94,1018.40002441406,8.36354351043701,15.6000003814697
56,2026-10-06 07:00:00,94,1018.59997558594,8.49705791473389,15.3999996185303
57,2026-10-06 08:00:00,93,1018.59997558594,7.91201639175415,15.8000001907349
58,2026-10-06 09:00:00,92,1018.59997558594,7.83900499343872,15.8999996185303
59,2026-10-06 10:00:00,92,1018.59997558594,7.72528314590454,15.8999996185303
60,2026-10-06 11:00:00,91,1018.20001220703,7.07742881774902,16
61,2026-10-06 12:00:00,90,1018,7.18401002883911,16.1000003814697
62,2026-10-06 13:00:00,88,1017.70001220703,6.80661392211914,16.1000003814697
63,2026-10-06 14:00:00,88,1017.5,6.3348240852356,16.2000007629395
64,2026-10-06 15:00:00,89,1017.29998779297,5.7489128112793,16.2000007629395
65,2026-10-06 16:00:00,89,1017.20001220703,5.39351463317871,16.2000007629395
66,2026-10-06 17:00:00,89,1017.09997558594,4.63896560668945,16.2999992370605
67,2026-10-06 18:00:00,89,1017,4.20594835281372,16.2999992370605
68,2026-10-06 19:00:00,90,1016.79998779297,3.75898909568787,16.1000003814697
69,2026-10-06 20:00:00,91,1016.79998779297,3.25576424598694,16.1000003814697
70,2026-10-06 21:00:00,92,1016.59997558594,3.52278304100037,16
71,2026-10-06 22:00:00,93,1016.40002441406,3.85875630378723,15.8999996185303
72,2026-10-06 23:00:00,94,1015.90002441406,3.51140999794006,15.8000001907349
73,2026-10-07,95,1015.59997558594,3.76961541175842,15.6000003814697
74,2026-10-07 01:00:00,96,1015.09997558594,3.80788660049438,15.6000003814697
75,2026-10-07 02:00:00,96,1014.70001220703,4.24852895736694,15.3999996185303
76,2026-10-07 03:00:00,96,1014.09997558594,3.46698713302612,15.5
77,2026-10-07 04:00:00,96,1013.59997558594,3.49285006523132,15.3999996185303
78,2026-10-07 05:00:00,97,1013.20001220703,3.7215588092804,15
79,2026-10-07 06:00:00,97,1012.90002441406,3.31360816955566,14.6000003814697
80,2026-10-07 07:00:00,96,1012.79998779297,4.41814422607422,14.3999996185303
81,2026-10-07 08:00:00,94,1012.59997558594,3.41320967674255,15
82,2026-10-07 09:00:00,94,1012,3.90512490272522,15.1999998092651
83,2026-10-07 10:00:00,90,1011.09997558594,4.27200174331665,15.3999996185303
84,2026-10-07 11:00:00,86,1010.09997558594,4.77074384689331,15.6999998092651
85,2026-10-07 12:00:00,87,1009,4.9517674446106,16.2000007629395
86,2026-10-07 13:00:00,86,1008,5.16236352920532,16.7999992370605
87,2026-10-07 14:00:00,85,1007,5.20096158981323,17.6000003814697
88,2026-10-07 15:00:00,85,1006.09997558594,4.88773965835571,18.1000003814697
89,2026-10-07 16:00:00,85,1005.29998779297,4.40113592147827,18.2999992370605
90,2026-10-07 17:00:00,85,1004.70001220703,3.7215588092804,18.2999992370605
91,2026-10-07 18:00:00,85,1004.09997558594,2.62488102912903,18
92,2026-10-07 19:00:00,87,1003.59997558594,2.10237956047058,17.1000003814697
93,2026-10-07 20:00:00,89,1003.29998779297,4.94974756240845,15.8999996185303
94,2026-10-07 21:00:00,90,1002.79998779297,7.60263109207153,14.8999996185303
95,2026-10-07 22:00:00,90,1002.09997558594,8.88369274139404,14.3999996185303
96,2026-10-07 23:00:00,90,1001.40002441406,9.30591201782227,14.1000003814697
97,2026-10-08,89,1000.70001220703,9.69329643249512,13.8999996185303
98,2026-10-08 01:00:00,88,1000.09997558594,10.1788997650146,13.6000003814697
99,2026-10-08 02:00:00,87,999.599975585938,11.0072708129883,13.3999996185303
100,2026-10-08 03:00:00,86,999.299987792969,12.4615411758423,13.1000003814697
101,2026-10-08 04:00:00,85,999.400024414062,14.5,12.6000003814697
102,2026-10-08 05:00:00,83,999.799987792969,16.7323036193848,12.1000003814697
103,2026-10-08 06:00:00,82,1000.40002441406,18.170581817627,11.6999998092651
104,2026-10-08 07:00:00,81,1001.20001220703,18.2274532318115,11.5
105,2026-10-08 08:00:00,79,1002.20001220703,17.5011425018311,11.5
106,2026-10-08 09:00:00,78,1003.20001220703,16.8145751953125,11.5
107,2026-10-08 10:00:00,77,1004,16.5773944854736,11.5
108,2026-10-08 11:00:00,76,1004.79998779297,16.3917675018311,11.3999996185303
109,2026-10-08 12:00:00,75,1005.5,16.0639343261719,11.3999996185303
110,2026-10-08 13:00:00,73,1006.29998779297,15.2200527191162,11.5
111,2026-10-08 14:00:00,71,1007,14.28040599823,11.5
112,2026-10-08 15:00:00,71,1007.70001220703,13.6894121170044,11.5
113,2026-10-08 16:00:00,74,1008.29998779297,13.6418476104736,11.1999998092651
114,2026-10-08 17:00:00,78,1008.90002441406,13.7382669448853,10.8000001907349
115,2026-10-08 18:00:00,80,1009.40002441406,14.0117816925049,10.6000003814697
116,2026-10-08 19:00:00,79,1009.90002441406,14.360013961792,10.6000003814697
117,2026-10-08 20:00:00,76,1010.40002441406,14.8030395507812,10.8000001907349
118,2026-10-08 21:00:00,73,1010.70001220703,15.1716842651367,10.8999996185303
119,2026-10-08 22:00:00,71,1010.79998779297,15.3323183059692,10.8999996185303
120,2026-10-08 23:00:00,68,1010.70001220703,15.3701009750366,10.8999996185303
121,2026-10-09,66,1010.59997558594,15.255163192749,10.8999996185303
122,2026-10-09 01:00:00,63,1010.70001220703,14.76109790802,10.8000001907349
123,2026-10-09 02:00:00,60,1010.79998779297,14.1014184951782,10.6999998092651
124,2026-10-09 03:00:00,58,1010.90002441406,13.5764503479004,10.6000003814697
125,2026-10-09 04:00:00,58.25,1010.85003662109,13.0905265808105,10.4499998092651
126,2026-10-09 05:00:00,60.5,1010.69995117188,12.7134857177734,10.2999992370605
127,2026-10-09 06:00:00,61.75,1010.54998779297,12.5174083709717,10.1499996185303
128,2026-10-09 07:00:00,71,1011.59997558594,11.1825761795044,10.6000003814697
129,2026-10-09 08:00:00,65,1011.70001220703,10.1513538360596,11
130,2026-10-09 09:00:00,61,1011.70001220703,9.12414455413818,11.3000001907349
131,2026-10-09 10:00:00,59,1011.59997558594,8.51645469665527,11.5
132,2026-10-09 11:00:00,57,1011.40002441406,8.50235271453857,11.6000003814697
133,2026-10-09 12:00:00,58,1011.09997558594,8.82949638366699,11.6000003814697
134,2026-10-09 13:00:00,61,1010.79998779297,9.61509323120117,11.3999996185303
135,2026-10-09 14:00:00,66,1010.29998779297,10.7447652816772,11
136,2026-10-09 15:00:00,71,1009.79998779297,11.7592515945435,10.5
137,2026-10-09 16:00:00,77,1009.09997558594,12.3547563552856,9.69999980926514
138,2026-10-09 17:00:00,83,1008.29998779297,13.132022857666,8.80000019073486
139,2026-10-09 18:00:00,87,1007.5,13.7873125076294,8.39999961853027
140,2026-10-09 19:00:00,89,1006.70001220703,13.9517030715942,8.89999961853027
141,2026-10-09 20:00:00,90,1005.90002441406,14.4267110824585,10
142,2026-10-09 21:00:00,88,1005.29998779297,14.5835523605347,11.1000003814697
143,2026-10-09 22:00:00,82,1004.90002441406,13.0698127746582,12.1999998092651
144,2026-10-09 23:00:00,74,1004.70001220703,10.9416627883911,13.3000001907349
145,2026-10-10,70,1004.59997558594,9.60468673706055,13.8999996185303
146,2026-10-10 01:00:00,72,1004.59997558594,9.24175262451172,13.5
147,2026-10-10 02:00:00,78,1004.70001220703,9.30376243591309,12.5
148,2026-10-10 03:00:00,82,1004.79998779297,9.34933185577393,11.8000001907349
149,2026-10-10 04:00:00,81,1005,8.69540119171143,11.6999998092651
150,2026-10-10 05:00:00,78,1005.29998779297,7.76208686828613,11.8000001907349
151,2026-10-10 06:00:00,76,1005.5,7.13862705230713,11.8999996185303
152,2026-10-10 07:00:00,78,1005.70001220703,6.70298433303833,11.6999998092651
153,2026-10-10 08:00:00,81,1006,6.46297168731689,11.3999996185303
154,2026-10-10 09:00:00,83,1006.09997558594,6.67607688903809,11.1999998092651
155,2026-10-10 10:00:00,83,1006.09997558594,7.18679285049438,11.1000003814697
156,2026-10-10 11:00:00,82,1006,7.83900499343872,11
157,2026-10-10 12:00:00,81,1005.79998779297,8.41724395751953,11
158,2026-10-10 13:00:00,81,1005.59997558594,8.65390110015869,11
159,2026-10-10 14:00:00,81,1005.29998779297,8.82553100585938,11.1000003814697
160,2026-10-10 15:00:00,81,1005.09997558594,8.75956630706787,11.1000003814697
161,2026-10-10 16:00:00,80,1005,8.32165908813477,10.8999996185303
162,2026-10-10 17:00:00,80,1005,7.65571689605713,10.6999998092651
163,2026-10-10 18:00:00,79,1005,7.29177618026733,10.5
164,2026-10-10 19:00:00,79,1005,7.40945339202881,10.5
165,2026-10-10 20:00:00,79,1005,7.78845310211182,10.6000003814697
166,2026-10-10 21:00:00,79,1004.90002441406,8.22253036499023,10.6000003814697
167,2026-10-10 22:00:00,80,1004.70001220703,8.60232543945312,10.6000003814697
168,2026-10-10 23:00:00,82,1004.40002441406,8.99610996246338,10.5
